ibm_job_role,onet_soc_code,onet_title,match_confidence,mapping_note
Healthcare Representative,41-3091.00,"Sales Representatives of Services, Except Advertising, Insurance, Financial Services, and Travel",low,"No direct O*NET equivalent for healthcare-sector liaison/sales roles; ""Sales Representatives of Services"" (41-3091.00) is the broadest service-sector sales code in occupation_master.csv and captures the relationship-selling function, but does not reflect the clinical or regulatory context of a pharmaceutical/device healthcare representative."
Human Resources,13-1071.00,Human Resources Specialists,medium,"""Human Resources Specialists"" (13-1071.00) is the best-fit individual-contributor HR role in occupation_master.csv; ""Human Resources Managers"" (11-3121.00) also exists but implies supervisory authority not implied by the IBM job role label alone; Specialist is used as the conservative default — role-level can be refined using JobLevel or YearsAtCompany if needed."
Laboratory Technician,29-2012.00,Medical and Clinical Laboratory Technicians,medium,"""Medical and Clinical Laboratory Technicians"" (29-2012.00) is the closest title-level match in occupation_master.csv; chemistry (19-4031.00) and biological (19-4021.00) technician codes also exist but presuppose a specific scientific discipline not determinable from the IBM label alone; 29-2012.00 is chosen as the broadest lab-bench technician match across pharma/biotech/clinical contexts."
Manager,11-9199.00,"Managers, All Other",very_low,"IBM ""Manager"" is too generic to map meaningfully: occupation_master.csv contains 52+ O*NET manager codes spanning sales, HR, IT, production, logistics, and more; the catch-all code ""Managers, All Other"" (11-9199.00) is used solely as a placeholder — role-intelligence features for this group must rely on the Department field in the employee record rather than O*NET data, per the Step 4 architectural decision."
Manufacturing Director,11-3051.00,Industrial Production Managers,low,"No ""Manufacturing Director"" title exists in occupation_master.csv; ""Industrial Production Managers"" (11-3051.00) is the closest production-leadership role covering planning, directing, and coordinating manufacturing activities; ""General and Operations Managers"" (11-1021.00) was considered but is broader and less domain-specific than a plant-level manufacturing director role."
Research Director,11-9121.00,Natural Sciences Managers,low,"No ""Research Director"" title exists in occupation_master.csv; ""Natural Sciences Managers"" (11-9121.00) is the only R&D-leadership code in occupation_master.csv that covers planning, directing, and coordinating research activities; ""Computer and Information Systems Managers"" (11-3021.00) was considered but is technology-operations focused rather than research-leadership."
Research Scientist,15-1221.00,Computer and Information Research Scientists,medium,"""Computer and Information Research Scientists"" (15-1221.00) was identified as a near-miss in Step 4 and is the strongest match when EducationField indicates a technical/computational background; note this mapping carries ambiguity when EducationField is Life Sciences or Medical — in those cases ""Medical Scientists, Except Epidemiologists"" (19-1042.00) from occupation_master.csv would be a better analog, but a single mapping row cannot capture both branches."
Sales Executive,11-2022.00,Sales Managers,low,"No ""Sales Executive"" title exists in occupation_master.csv; ""Sales Managers"" (11-2022.00) is chosen because the ""Executive"" qualifier implies quota-ownership, account strategy, and cross-functional leadership rather than individual territory selling, making it structurally closer to a management role than to ""Sales Representatives of Services"" (41-3091.00) used for the Sales Representative row."
Sales Representative,41-3091.00,"Sales Representatives of Services, Except Advertising, Insurance, Financial Services, and Travel",medium,"""Sales Representatives of Services"" (41-3091.00) was one of the 4 Step 4 near-miss sales rep codes in occupation_master.csv; chosen over ""Sales Representatives, Wholesale and Manufacturing"" (41-4012.00) because IBM's HR-tech/pharma dataset context implies service-sector B2B selling rather than wholesale product distribution."
